"word","speaker","segment","duration","group","u","speakerID","sessionID"
"caminho","E1","in",0.098397090517242,"inho","com_u","E","1"
"caminho","B1","in",0.186878195168404,"inho","sem_u","B","1"
"caminho","R2","in",0.203277710254611,"inho","sem_u","R","2"
"caminho","G2","in",0.134247193263832,"inho","com_u","G","2"
"caminho","P1","in",0.0970622462660415,"inho","com_u","P","1"
"caminho","M2","in",0.142637642842828,"inho","sem_u","M","2"
"caminho","Q2","in",0.0686491329190062,"inho","sem_u","Q","2"
"caminho","J1","in",0.175436673015238,"inho","sem_u","J","1"
"caminho","D2","in",0.148739787991161,"inho","sem_u","D","2"
"caminho","B2","in",0.15026532427828,"inho","sem_u","B","2"
"caminho","M1","in",0.132721656976745,"inho","com_u","M","1"
"caminho","J2","in",0.177724977445877,"inho","sem_u","J","2"
"caminho","N1","in",0.0600679913041304,"inho","com_u","N","1"
"caminho","P2","in",0.15331639685246,"inho","sem_u","P","2"
"caminho","O2","in",0.222728297914983,"inho","sem_u","O","2"
"caminho","R1","in",0.146451483560547,"inho","com_u","R","1"
"caminho","I1","in",0.110029304706288,"inho","com_u","I","1"
"caminho","F2","in",0.0692212090266651,"inho","com_u","F","2"
"caminho","C2","in",0.218914457197258,"inho","sem_u","C","2"
"caminho","D1","in",0.143019026914594,"inho","sem_u","D","1"
"caminho","E2","in",0.0739885099238222,"inho","com_u","E","2"
"caminho","Q1","in",0.135260860090341,"inho","com_u","Q","1"
"caminho","O1","in",0.141112106555738,"inho","sem_u","O","1"
"caminho","I2","in",0.221202761627893,"inho","sem_u","I","2"
"caminho","N2","in",0.13844241805333,"inho","sem_u","N","2"
"caminho","A1","in",0.220439993484355,"inho","sem_u","A","1"
"caminho","C1","in",0.212697194707985,"inho","com_u","C","1"
"caminho","F1","in",0.152553628708901,"inho","sem_u","F","1"
"caminho","A2","in",0.341720128307941,"inho","sem_u","A","2"
"caminho","H1","in",0.149922531890496,"inho","com_u","H","1"
"caminho","H2","in",0.13996795434042,"inho","sem_u","H","2"
"capim","A1","im",0.186115427024859,"im","sem_u","A","1"
"capim","G1","im",0.180013281876505,"im","sem_u","G","1"
"capim","C2","im",0.233025667852843,"im","sem_u","C","2"
"capim","R2","im",0.139205186196875,"im","sem_u","R","2"
"capim","I2","im",0.0881950665973363,"im","sem_u","I","2"
"capim","I1","im",0.349729193815151,"im","sem_u","I","1"
"capim","Q1","im",0.147327782793312,"im","sem_u","Q","1"
"capim","F1","im",0.205184630613473,"im","sem_u","F","1"
"capim","F2","im",0.14873978799119,"im","sem_u","F","2"
"capim","H1","im",0.139967954340417,"im","sem_u","H","1"
"capim","A2","im",0.204524831868383,"im","sem_u","A","2"
"capim","E1","im",0.119373214464716,"im","sem_u","E","1"
"capim","J2","im",0.115177989675232,"im","sem_u","J","2"
"capim","N2","im",0.127382279971897,"im","sem_u","N","2"
"capim","E2","im",0.131577504761424,"im","sem_u","E","2"
"capim","P2","im",0.20022663768043,"im","sem_u","P","2"
"capim","G2","im",0.12089875075182,"im","sem_u","G","2"
"capim","M2","im",0.126238127756608,"im","sem_u","M","2"
"capim","J1","im",0.192217572173217,"im","sem_u","J","1"
"capim","B2","im",0.159418542000793,"im","sem_u","B","2"
"capim","D2","im",0.113843145423971,"im","sem_u","D","2"
"capim","O2","im",0.0913414851894743,"im","sem_u","O","2"
"capim","D1","im",0.121280134823579,"im","sem_u","D","1"
"capim","N1","im",0.195650028819159,"im","sem_u","N","1"
"capim","C1","im",0.191501844885687,"im","sem_u","C","1"
"capim","H2","im",0.230355979350435,"im","sem_u","H","2"
"capim","R1","im",0.158274389785484,"im","sem_u","R","1"
"capim","M1","im",0.214337848336001,"im","sem_u","M","1"
"capim","B1","im",0.0533937700481175,"im","sem_u","B","1"
"capim","Q2","in",0.129289200330788,"im","sem_u","Q","2"
"capim","O1","im",0.326464765437052,"im","sem_u","O","1"
"cavaquinho","I1","in",0.198701101393347,"inho","sem_u","I","1"
"cavaquinho","R1","in",0.131577504761424,"inho","com_u","R","1"
"cavaquinho","G1","in",0.140730722483958,"inho","sem_u","G","1"
"cavaquinho","Q2","in",0.12509397554129,"inho","sem_u","Q","2"
"cavaquinho","M2","in",0.175055288943469,"inho","sem_u","M","2"
"cavaquinho","E1","in",0.0835231117181223,"inho","com_u","E","1"
"cavaquinho","J2","in",0.111745533029278,"inho","sem_u","J","2"
"cavaquinho","D1","in",0.111281444842035,"inho","sem_u","D","1"
"cavaquinho","H2","in",0.186115427024845,"inho","sem_u","H","2"
"cavaquinho","F2","in",0.0943925577636264,"inho","com_u","F","2"
"cavaquinho","D2","in",0.255571875171441,"inho","sem_u","D","2"
"cavaquinho","B2","in",0.250187951082623,"inho","com_u","B","2"
"cavaquinho","C2","in",0.244276497970134,"inho","sem_u","C","2"
"cavaquinho","I2","in",0.119548560883885,"inho","sem_u","I","2"
"cavaquinho","O2","in",0.129289200330803,"inho","sem_u","O","2"
"cavaquinho","M1","in",0.132340272904969,"inho","com_u","M","1"
"cavaquinho","P1","in",0.129289200330795,"inho","com_u","P","1"
"cavaquinho","A2","in",0.163232382718519,"inho","com_u","A","2"
"cavaquinho","H1","in",0.188785115527267,"inho","com_u","H","1"
"cavaquinho","R2","in",0.083332419682236,"inho","com_u","R","2"
"cavaquinho","C1","in",0.365526822374051,"inho","sem_u","C","1"
"cavaquinho","J1","in",0.102592315306737,"inho","sem_u","J","1"
"cavaquinho","A1","in",0.186878195168397,"inho","sem_u","A","1"
"cavaquinho","G2","in",0.141112106555738,"inho","sem_u","G","2"
"cavaquinho","E2","in",0.0400453275360917,"inho","com_u","E","2"
"cavaquinho","N2","in",0.124903283505418,"inho","com_u","N","2"
"cavaquinho","N1","in",0.231881515637532,"inho","sem_u","N","1"
"cavaquinho","F1","in",0.153697780924219,"inho","sem_u","F","1"
"cavaquinho","B1","in",0.110317088883832,"inho","com_u","B","1"
"cavaquinho","Q1","in",0.158408533887055,"inho","sem_u","Q","1"
"cavaquinho","O1","in",0.16933452786688,"inho","sem_u","O","1"
"cavaquinho","P2","in",0.178869129661194,"inho","sem_u","P","2"
"chupim","F2","im",0.130433352546113,"im","sem_u","F","2"
"chupim","D2","im",0.10049470291198,"im","sem_u","D","2"
"chupim","P1","im",0.281842829039704,"im","sem_u","P","1"
"chupim","E2","im",0.121280134823579,"im","sem_u","E","2"
"chupim","C2","im",0.234551204139933,"im","sem_u","C","2"
"chupim","I1","im",0.201752173967524,"im","sem_u","I","1"
"chupim","Q1","im",0.19640087871047,"im","sem_u","Q","1"
"chupim","N1","im",0.172385600441046,"im","sem_u","N","1"
"chupim","A1","im",0.129670584402561,"im","sem_u","A","1"
"chupim","O2","im",0.183445738522458,"im","sem_u","O","2"
"chupim","C1","im",0.349909196189188,"im","sem_u","C","1"
"chupim","B1","im",0.273070995388933,"im","sem_u","B","1"
"chupim","G1","im",0.173148368584606,"im","sem_u","G","1"
"chupim","R1","im",0.16552068714914,"im","sem_u","R","1"
"chupim","G2","im",0.120517366680033,"im","sem_u","G","2"
"chupim","M1","im",0.275359299819574,"im","sem_u","M","1"
"chupim","B2","im",0.2021335580393,"im","sem_u","B","2"
"chupim","F1","im",0.257052864374486,"im","sem_u","F","1"
"chupim","R2","im",0.147595635775858,"im","sem_u","R","2"
"chupim","I2","im",0.185734042953094,"im","sem_u","I","2"
"chupim","H2","im",0.186496811096632,"im","sem_u","H","2"
"chupim","E1","im",0.170478680082198,"im","sem_u","E","1"
"chupim","A2","im",0.167046223436245,"im","sem_u","A","2"
"chupim","M2","im",0.160372002180232,"im","sem_u","M","2"
"chupim","P2","im",0.184208506666003,"im","sem_u","P","2"
"chupim","N2","im",0.157130237570165,"im","sem_u","N","2"
"chupim","H1","im",0.244848574077778,"im","sem_u","H","1"
"chupim","J2","im",0.178869129661187,"im","sem_u","J","2"
"chupim","D1","im",0.212049543905373,"im","sem_u","D","1"
"chupim","Q2","im",0.167427607508017,"im","sem_u","Q","2"
"chupim","O1","im",0.200226637680434,"im","sem_u","O","1"
"copinho","D2","in",0.0403313655899069,"dim","com_u","D","2"
"copinho","A2","in",0.160181310144338,"dim","sem_u","A","2"
"copinho","F2","in",0.0482731219075561,"dim","com_u","F","2"
"copinho","O2","in",0.219677225340817,"dim","sem_u","O","2"
"copinho","P2","in",0.148928290861761,"dim","com_u","P","2"
"copinho","B2","in",0.178487745589422,"dim","sem_u","B","2"
"copinho","E2","in",0.0736071258520496,"dim","com_u","E","2"
"copinho","G2","in",0.114224529495786,"dim","com_u","G","2"
"copinho","M2","in",0.153316396852446,"dim","sem_u","M","2"
"copinho","J2","in",0.176962209302332,"dim","sem_u","J","2"
"copinho","I2","in",0.178106361517649,"dim","sem_u","I","2"
"copinho","R2","in",0.086601938066508,"dim","com_u","R","2"
"copinho","C2","in",0.172004216369288,"dim","sem_u","C","2"
"copinho","H2","in",0.204803246541701,"dim","sem_u","H","2"
"copinho","Q2","in",0.101638855127305,"dim","com_u","Q","2"
"copinho","N2","in",0.110219996742174,"dim","com_u","N","2"
"corpinho","I2","in",0.191836188101448,"dim","sem_u","I","2"
"corpinho","Q1","in",0.173660853431045,"dim","sem_u","Q","1"
"corpinho","G2","in",0.153316396852446,"dim","sem_u","G","2"
"corpinho","P1","in",0.225779370489178,"dim","sem_u","P","1"
"corpinho","E1","in",0.0865741842923029,"dim","com_u","E","1"
"corpinho","E2","in",0.0755140462109054,"dim","com_u","E","2"
"corpinho","G1","in",0.181157434091816,"dim","sem_u","G","1"
"corpinho","C1","in",0.294875656299716,"dim","sem_u","C","1"
"corpinho","M2","in",0.138061033981558,"dim","com_u","M","2"
"corpinho","R2","in",0.146451483560547,"dim","sem_u","R","2"
"corpinho","I1","in",0.194124492532076,"dim","sem_u","I","1"
"corpinho","O1","in",0.165139303077389,"dim","sem_u","O","1"
"corpinho","Q2","in",0.272308227245389,"dim","sem_u","Q","2"
"corpinho","M1","in",0.200226637680437,"dim","sem_u","M","1"
"corpinho","O2","in",0.20175217396752,"dim","sem_u","O","2"
"corpinho","A1","in",0.164757919005609,"dim","sem_u","A","1"
"corpinho","N1","in",0.207091550972336,"dim","sem_u","N","1"
"corpinho","B2","in",0.0789465028568586,"dim","com_u","B","2"
"corpinho","H1","in",0.113810710702438,"dim","com_u","H","1"
"corpinho","J2","in",0.162088230503208,"dim","sem_u","J","2"
"corpinho","P2","in",0.1044992356656,"dim","com_u","P","2"
"corpinho","C2","in",0.23264428378107,"dim","sem_u","C","2"
"corpinho","R1","in",0.151028092421811,"dim","sem_u","R","1"
"corpinho","B1","in",0.191073419957903,"dim","sem_u","B","1"
"corpinho","A2","in",0.135772729550922,"dim","sem_u","A","2"
"corpinho","D2","in",0.104022505575884,"dim","sem_u","D","2"
"corpinho","N2","in",0.107942492193395,"dim","com_u","N","2"
"corpinho","F1","in",0.151028092421818,"dim","sem_u","F","1"
"corpinho","F2","in",0.157130237570165,"dim","sem_u","F","2"
"corpinho","H2","in",0.182301586307133,"dim","com_u","H","2"
"cupim","H2","im",0.172004216369317,"im","sem_u","H","2"
"cupim","Q2","im",0.169334527866909,"im","sem_u","Q","2"
"cupim","I2","im",0.18268297037892,"im","sem_u","I","2"
"cupim","D2","im",0.156224450399691,"im","sem_u","D","2"
"cupim","I1","im",0.165139303077385,"im","sem_u","I","1"
"cupim","F2","im",0.145688715417009,"im","sem_u","F","2"
"cupim","B1","im",0.269257154671212,"im","sem_u","B","1"
"cupim","A2","im",0.146451483560554,"im","sem_u","A","2"
"cupim","G1","im",0.247136878508414,"im","sem_u","G","1"
"cupim","N2","im",0.18840373145548,"im","sem_u","N","2"
"cupim","O2","im",0.181157434091801,"im","sem_u","O","2"
"cupim","O1","im",0.164757919005613,"im","sem_u","O","1"
"cupim","B2","im",0.203659094326412,"im","sem_u","B","2"
"cupim","R2","im",0.160944078287883,"im","sem_u","R","2"
"cupim","P2","im",0.187068887204276,"im","sem_u","P","2"
"cupim","J1","im",0.171022630980374,"im","sem_u","J","1"
"cupim","J2","im",0.151409476493569,"im","sem_u","J","2"
"cupim","C1","im",0.284092057267301,"im","sem_u","C","1"
"cupim","P1","im",0.233025667852857,"im","sem_u","P","1"
"cupim","H1","im",0.197175565106249,"im","sem_u","H","1"
"cupim","C2","im",0.284131133470339,"im","sem_u","C","2"
"cupim","E2","im",0.117466294105867,"im","sem_u","E","2"
"cupim","R1","im",0.142256258771042,"im","sem_u","R","1"
"cupim","E1","im",0.223872450130315,"im","sem_u","E","1"
"cupim","A1","im",0.208235703187654,"im","sem_u","A","1"
"cupim","M2","im",0.209379855402972,"im","sem_u","M","2"
"cupim","G2","im",0.196031412890932,"im","sem_u","G","2"
"cupim","F1","im",0.196412796962719,"im","sem_u","F","1"
"cupim","Q1","im",0.108980498508927,"im","sem_u","Q","1"
"cupim","N1","im",0.279745216644949,"im","sem_u","N","1"
"espinho","B1","in",0.196603488998591,"inho","sem_u","B","1"
"espinho","J1","in",0.0863834922564166,"inho","com_u","J","1"
"espinho","G1","in",0.17925051373296,"inho","com_u","G","1"
"espinho","P2","in",0.229211827135146,"inho","sem_u","P","2"
"espinho","G2","in",0.198319717321567,"inho","sem_u","G","2"
"espinho","M1","in",0.142637642842828,"inho","com_u","M","1"
"espinho","Q2","in",0.100304010876073,"inho","com_u","Q","2"
"espinho","B2","in",0.101066779019675,"inho","com_u","B","2"
"espinho","H2","in",0.198319717321567,"inho","sem_u","H","2"
"espinho","O2","in",0.174673904871696,"inho","sem_u","O","2"
"espinho","H1","in",0.183636430558344,"inho","com_u","H","1"
"espinho","I1","in",0.156748853498399,"inho","com_u","I","1"
"espinho","P1","in",0.210714699654169,"inho","com_u","P","1"
"espinho","A2","in",0.18840373145548,"inho","sem_u","A","2"
"espinho","D1","in",0.117847678177625,"inho","sem_u","D","1"
"espinho","C1","in",0.285579450237307,"inho","com_u","C","1"
"espinho","M2","in",0.282224213111476,"inho","sem_u","M","2"
"espinho","E2","in",0.0930577135124224,"inho","com_u","E","2"
"espinho","D2","in",0.124331207397717,"inho","sem_u","D","2"
"espinho","F2","in",0.0905787170458723,"inho","com_u","F","2"
"espinho","F1","in",0.205947398757012,"inho","sem_u","F","1"
"espinho","Q1","in",0.166511571783133,"inho","sem_u","Q","1"
"espinho","J2","in",0.147595635775872,"inho","sem_u","J","2"
"espinho","O1","in",0.228830443063345,"inho","sem_u","O","1"
"espinho","N2","in",0.18115743409183,"inho","sem_u","N","2"
"espinho","C2","in",0.192217572173206,"inho","sem_u","C","2"
"espinho","E1","in",0.136154113622695,"inho","com_u","E","1"
"espinho","N1","in",0.184589890737769,"inho","sem_u","N","1"
"espinho","R1","in",0.132721656976749,"inho","com_u","R","1"
"espinho","R2","in",0.173911136728151,"inho","sem_u","R","2"
"espinho","I2","in",0.178869129661166,"inho","sem_u","I","2"
"golfinho","O1","in",0.173148368584606,"inho","sem_u","O","1"
"golfinho","D1","in",0.122805671110666,"inho","sem_u","D","1"
"golfinho","C1","in",0.119921058205108,"inho","com_u","C","1"
"golfinho","D2","in",0.135009961407349,"inho","sem_u","D","2"
"golfinho","R2","in",0.152403943784606,"inho","sem_u","R","2"
"golfinho","J1","in",0.108547111698556,"inho","com_u","J","1"
"golfinho","G1","in",0.0884811046511658,"inho","com_u","G","1"
"golfinho","F2","in",0.136154113622695,"inho","sem_u","F","2"
"golfinho","Q2","in",0.118419754285298,"inho","com_u","Q","2"
"golfinho","G2","in",0.0903763965884536,"inho","sem_u","G","2"
"golfinho","H1","in",0.170443701349996,"inho","com_u","H","1"
"golfinho","M2","in",0.199082485465112,"inho","sem_u","M","2"
"golfinho","P2","in",0.170097296010425,"inho","sem_u","P","2"
"golfinho","H2","in",0.155223317211295,"inho","sem_u","H","2"
"golfinho","E1","in",0.0739885099238222,"inho","com_u","E","1"
"golfinho","B2","in",0.222728297915012,"inho","sem_u","B","2"
"golfinho","I2","in",0.152553628708887,"inho","sem_u","I","2"
"golfinho","M1","in",0.0724629736367319,"inho","com_u","M","1"
"golfinho","N2","in",0.0760861223185714,"inho","com_u","N","2"
"golfinho","O2","in",0.154651241103664,"inho","sem_u","O","2"
"golfinho","J2","in",0.164757919005609,"inho","sem_u","J","2"
"golfinho","A1","in",0.14492594727345,"inho","sem_u","A","1"
"golfinho","B1","in",0.206710166900564,"inho","com_u","B","1"
"golfinho","E2","in",0.046528856756197,"inho","com_u","E","2"
"golfinho","F1","in",0.0815232786283389,"inho","com_u","F","1"
"golfinho","A2","in",0.0999226268043287,"inho","sem_u","A","2"
"golfinho","P1","in",0.265443313953483,"inho","sem_u","P","1"
"golfinho","I1","in",0.175055288943462,"inho","sem_u","I","1"
"golfinho","R1","in",0.200547736843433,"inho","sem_u","R","1"
"golfinho","N1","in",0.118982437463782,"inho","com_u","N","1"
"golfinho","C2","in",0.0623562957347588,"inho","com_u","C","2"
"golfinho","Q1","in",0.16245142950369,"inho","sem_u","Q","1"
"grupinho","R1","in",0.1319588888332,"dim","com_u","R","1"
"grupinho","F1","in",0.174864596907579,"dim","sem_u","F","1"
"grupinho","A2","in",0.157130237570172,"dim","sem_u","A","2"
"grupinho","P1","in",0.147443941424278,"dim","com_u","P","1"
"grupinho","A1","in",0.153065123578681,"dim","sem_u","A","1"
"grupinho","N1","in",0.241797501503612,"dim","sem_u","N","1"
"grupinho","N2","in",0.0896252568664835,"dim","com_u","N","2"
"grupinho","J2","in",0.0713188214214142,"dim","sem_u","J","2"
"grupinho","M2","in",0.150265324278266,"dim","com_u","M","2"
"grupinho","H1","in",0.158465081821372,"dim","com_u","H","1"
"grupinho","B1","in",0.121280134823579,"dim","sem_u","B","1"
"grupinho","P2","in",0.204612554505815,"dim","sem_u","P","2"
"grupinho","G2","in",0.154841933139537,"dim","sem_u","G","2"
"grupinho","I2","in",0.18039466594827,"dim","sem_u","I","2"
"grupinho","H2","in",0.165139303077382,"dim","sem_u","H","2"
"grupinho","F2","in",0.116894217998194,"dim","com_u","F","2"
"grupinho","O1","in",0.184399198701897,"dim","sem_u","O","1"
"grupinho","C2","in",0.144735255237578,"dim","com_u","C","2"
"grupinho","R2","in",0.134247193263832,"dim","sem_u","R","2"
"grupinho","Q1","in",0.179345859750902,"dim","sem_u","Q","1"
"grupinho","D1","in",0.165139303077382,"dim","sem_u","D","1"
"grupinho","E1","in",0.0945832497995163,"dim","com_u","E","1"
"grupinho","I1","in",0.182301586307133,"dim","sem_u","I","1"
"grupinho","Q2","in",0.159227849964935,"dim","com_u","Q","2"
"grupinho","G1","in",0.188022347383722,"dim","sem_u","G","1"
"grupinho","C1","in",0.180346397610794,"dim","com_u","C","1"
"grupinho","E2","in",0.109838612670416,"dim","com_u","E","2"
"grupinho","D2","in",0.119182522428815,"dim","sem_u","D","2"
"grupinho","O2","in",0.182301586307133,"dim","sem_u","O","2"
"grupinho","J1","in",0.173148368584602,"dim","sem_u","J","1"
"grupinho","M1","in",0.234932588211706,"dim","sem_u","M","1"
"grupinho","B2","in",0.135009961407377,"dim","sem_u","B","2"
"jobim","A1","im",0.221202761627907,"im","sem_u","A","1"
"jobim","Q2","im",0.18115743409183,"im","sem_u","Q","2"
"jobim","E1","im",0.175436673015237,"im","sem_u","E","1"
"jobim","J2","im",0.187640963311949,"im","sem_u","J","2"
"jobim","G1","im",0.172385600441059,"im","sem_u","G","1"
"jobim","N2","im",0.0972529383019207,"im","sem_u","N","2"
"jobim","C2","im",0.230355979350442,"im","sem_u","C","2"
"jobim","P2","im",0.266968850240573,"im","sem_u","P","2"
"jobim","Q1","im",0.308492041054784,"im","sem_u","Q","1"
"jobim","R2","im",0.192598956244986,"im","sem_u","R","2"
"jobim","F1","im",0.12700089590016,"im","sem_u","F","1"
"jobim","B2","im",0.199082485465116,"im","sem_u","B","2"
"jobim","H1","im",0.202514942111066,"im","sem_u","H","1"
"jobim","O2","im",0.210905391690062,"im","sem_u","O","2"
"jobim","F2","im",0.182301586307137,"im","sem_u","F","2"
"jobim","N1","im",0.205947398757019,"im","sem_u","N","1"
"jobim","A2","im",0.243323037790695,"im","sem_u","A","2"
"jobim","H2","im",0.112126917101044,"im","sem_u","H","2"
"jobim","P1","im",0.317311547714515,"im","sem_u","P","1"
"jobim","R1","im",0.299767880412991,"im","sem_u","R","1"
"jobim","E2","im",0.163995150862071,"im","sem_u","E","2"
"jobim","G2","im",0.209761239474737,"im","sem_u","G","2"
"jobim","I1","im",0.278791756465523,"im","sem_u","I","1"
"jobim","B1","im",0.134247193263832,"im","sem_u","B","1"
"jobim","O1","im",0.270973382994185,"im","sem_u","O","1"
"jobim","I2","im",0.19412449253208,"im","sem_u","I","2"
"jobim","D2","im",0.122042902967117,"im","sem_u","D","2"
"jobim","D1","im",0.124712591469525,"im","sem_u","D","1"
"jobim","C1","im",0.108207838566475,"im","sem_u","C","1"
"jobim","J1","im",0.0850486480052126,"im","sem_u","J","1"
"jobim","M2","im",0.175055288943469,"im","sem_u","M","2"
"jobim","M1","im",0.187640963311949,"im","sem_u","M","1"
"limpinho","H2","in",0.248662414795518,"dim","sem_u","H","2"
"limpinho","A1","in",0.199845253608661,"dim","sem_u","A","1"
"limpinho","O2","in",0.237602276714114,"dim","sem_u","O","2"
"limpinho","Q2","in",0.196412796962733,"dim","sem_u","Q","2"
"limpinho","E2","in",0.238746428929446,"dim","com_u","E","2"
"limpinho","Q1","in",0.149311864098838,"dim","sem_u","Q","1"
"limpinho","B1","in",0.109838612670416,"dim","sem_u","B","1"
"limpinho","N1","in",0.183828639794498,"dim","sem_u","N","1"
"limpinho","F2","in",0.121280134823579,"dim","sem_u","F","2"
"limpinho","B2","in",0.222728297915012,"dim","sem_u","B","2"
"limpinho","C1","in",0.249882018957635,"dim","sem_u","C","1"
"limpinho","G1","in",0.163995150862068,"dim","sem_u","G","1"
"limpinho","J2","in",0.199845253608657,"dim","sem_u","J","2"
"limpinho","C2","in",0.289470510475141,"dim","sem_u","C","2"
"limpinho","I1","in",0.175436673015227,"dim","sem_u","I","1"
"limpinho","A2","in",0.208998471331199,"dim","sem_u","A","2"
"limpinho","I2","in",0.136726189730354,"dim","com_u","I","2"
"limpinho","P1","in",0.178086617595309,"dim","com_u","P","1"
"limpinho","H1","in",0.191073419957899,"dim","sem_u","H","1"
"limpinho","D2","in",0.117180256052009,"dim","sem_u","D","2"
"limpinho","P2","in",0.225494399485513,"dim","sem_u","P","2"
"limpinho","R1","in",0.10488061973737,"dim","com_u","R","1"
"limpinho","M2","in",0.17086006415397,"dim","sem_u","M","2"
"limpinho","O1","in",0.17086006415397,"dim","sem_u","O","1"
"limpinho","D1","in",0.0501520054380578,"dim","com_u","D","1"
"limpinho","E1","in",0.103736467522054,"dim","com_u","E","1"
"limpinho","N2","in",0.332566910585413,"dim","sem_u","N","2"
"limpinho","G2","in",0.165520687149154,"dim","sem_u","G","2"
"limpinho","R2","in",0.215482000551333,"dim","sem_u","R","2"
"limpinho","J1","in",0.170860064153969,"dim","sem_u","J","1"
"limpinho","M1","in",0.178106361517649,"dim","sem_u","M","1"
"pequim","P1","im",0.198319717321574,"im","sem_u","P","1"
"pequim","R2","im",0.12738227997194,"im","sem_u","R","2"
"pequim","P2","im",0.195268644747401,"im","sem_u","P","2"
"pequim","C1","im",0.323507970971932,"im","sem_u","C","1"
"pequim","G1","im",0.244848574077785,"im","sem_u","G","1"
"pequim","F2","im",0.110601380813961,"im","sem_u","F","2"
"pequim","I1","im",0.142637642842821,"im","sem_u","I","1"
"pequim","C2","im",0.248090338687859,"im","sem_u","C","2"
"pequim","A2","im",0.159418542000793,"im","sem_u","A","2"
"pequim","J1","im",0.153316396852446,"im","sem_u","J","1"
"pequim","E1","im",0.117847678177625,"im","sem_u","E","1"
"pequim","Q1","in",0.176342460185694,"im","sem_u","Q","1"
"pequim","J2","im",0.130814736617879,"im","sem_u","J","2"
"pequim","G2","im",0.118991830392943,"im","sem_u","G","2"
"pequim","E2","im",0.169334527866894,"im","sem_u","E","2"
"pequim","A1","im",0.204421862469921,"im","sem_u","A","1"
"pequim","F1","im",0.175436673015248,"im","sem_u","F","1"
"pequim","H2","im",0.106406156024448,"im","sem_u","H","2"
"pequim","H1","im",0.1140338374599,"im","sem_u","H","1"
"pequim","N2","im",0.143400410986359,"im","sem_u","N","2"
"pequim","O1","im",0.14683286763232,"im","sem_u","O","1"
"pequim","M2","im",0.145307331345222,"im","sem_u","M","2"
"pequim","Q2","im",0.136154113622695,"im","sem_u","Q","2"
"pequim","N1","im",0.121280134823579,"im","sem_u","N","1"
"pequim","D1","im",0.150265324278266,"im","sem_u","D","1"
"pequim","M1","im",0.1662834552927,"im","sem_u","M","1"
"pequim","B1","im",0.0797092710003966,"im","sem_u","B","1"
"pequim","B2","im",0.104880619737386,"im","sem_u","B","2"
"pequim","D2","im",0.0887762688635974,"im","sem_u","D","2"
"pequim","O2","im",0.148358403919403,"im","sem_u","O","2"
"pequim","R1","im",0.182301586307133,"im","sem_u","R","1"
"pequim","I2","im",0.164757919005609,"im","sem_u","I","2"
"pouquinho","E1","in",0.0839044957898949,"dim","com_u","E","1"
"pouquinho","R1","in",0.146070099488753,"dim","sem_u","R","1"
"pouquinho","Q2","in",0.124331207397745,"dim","sem_u","Q","2"
"pouquinho","D1","in",0.0879968772937305,"dim","sem_u","D","1"
"pouquinho","I1","in",0.163613766790296,"dim","sem_u","I","1"
"pouquinho","O1","in",0.164185842897955,"dim","sem_u","O","1"
"pouquinho","N1","in",0.114033837459903,"dim","sem_u","N","1"
"pouquinho","P2","in",0.0882406906318209,"dim","com_u","P","2"
"pouquinho","I2","in",0.118229062249384,"dim","sem_u","I","2"
"pouquinho","F1","in",0.122996363146555,"dim","com_u","F","1"
"pouquinho","M2","in",0.0657887523807119,"dim","com_u","M","2"
"pouquinho","R2","in",0.130051968474334,"dim","sem_u","R","2"
"pouquinho","N2","in",0.121031588643973,"dim","com_u","N","2"
"pouquinho","J2","in",0.158655773857248,"dim","sem_u","J","2"
"pouquinho","A1","in",0.247136878508414,"dim","sem_u","A","1"
"pouquinho","M1","in",0.0913414851894601,"dim","sem_u","M","1"
"pouquinho","C1","in",0.327226453396904,"dim","sem_u","C","1"
"pouquinho","G2","in",0.174673904871696,"dim","sem_u","G","2"
"pouquinho","G1","in",0.0861928002205303,"dim","com_u","G","1"
"pouquinho","A2","in",0.223491066058529,"dim","sem_u","A","2"
"pouquinho","F2","in",0.10240162327085,"dim","com_u","F","2"
"pouquinho","Q1","in",0.133222223570945,"dim","com_u","Q","1"
"pouquinho","D2","in",0.100982848290627,"dim","sem_u","D","2"
"pouquinho","E2","in",0.160562694216125,"dim","sem_u","E","2"
"pouquinho","H1","in",0.165155602637029,"dim","sem_u","H","1"
"pouquinho","P1","in",0.164376534933837,"dim","sem_u","P","1"
"pouquinho","H2","in",0.166855531400358,"dim","sem_u","H","2"
"pouquinho","B2","in",0.0797092710004108,"dim","com_u","B","2"
"pouquinho","O2","in",0.134056501227946,"dim","sem_u","O","2"
"pouquinho","C2","in",0.186115427024845,"dim","sem_u","C","2"
"pouquinho","J1","in",0.160181310144353,"dim","sem_u","J","1"
"pouquinho","B1","in",0.0770395824979886,"dim","com_u","B","1"
"sozinho","C1","in",0.221931611864463,"inho","com_u","C","1"
"sozinho","O1","in",0.227686290848034,"inho","sem_u","O","1"
"sozinho","P1","in",0.12661951182838,"inho","com_u","P","1"
"sozinho","B2","in",0.14683286763232,"inho","com_u","B","2"
"sozinho","I1","in",0.180355712583555,"inho","com_u","I","1"
"sozinho","G1","in",0.182682970378906,"inho","sem_u","G","1"
"sozinho","A1","in",0.183064354450678,"inho","sem_u","A","1"
"sozinho","Q2","in",0.136726189730354,"inho","com_u","Q","2"
"sozinho","M2","in",0.133484425120287,"inho","com_u","M","2"
"sozinho","D1","in",0.134247193263832,"inho","sem_u","D","1"
"sozinho","A2","in",0.240655953668679,"inho","sem_u","A","2"
"sozinho","I2","in",0.147404943739978,"inho","com_u","I","2"
"sozinho","H1","in",0.217770304981954,"inho","sem_u","H","1"
"sozinho","C2","in",0.193361724388531,"inho","sem_u","C","2"
"sozinho","E2","in",0.10602477195269,"inho","com_u","E","2"
"sozinho","R1","in",0.131768196797296,"inho","com_u","R","1"
"sozinho","F2","in",0.14797701984763,"inho","sem_u","F","2"
"sozinho","J1","in",0.21984409585616,"inho","sem_u","J","1"
"sozinho","D2","in",0.154651241103643,"inho","sem_u","D","2"
"sozinho","B1","in",0.160455618928779,"inho","com_u","B","1"
"sozinho","R2","in",0.183064354450678,"inho","sem_u","R","2"
"sozinho","P2","in",0.136709973182576,"inho","sem_u","P","2"
"sozinho","N2","in",0.17772497744587,"inho","sem_u","N","2"
"sozinho","H2","in",0.163995150862071,"inho","sem_u","H","2"
"sozinho","F1","in",0.14873978799119,"inho","sem_u","F","1"
"sozinho","O2","in",0.216244768694871,"inho","sem_u","O","2"
"sozinho","M1","in",0.17429252079992,"inho","sem_u","M","1"
"sozinho","Q1","in",0.196508142980655,"inho","sem_u","Q","1"
"sozinho","G2","in",0.161706846431436,"inho","sem_u","G","2"
"sozinho","E1","in",0.0995412427325562,"inho","com_u","E","1"
"sozinho","N1","in",0.190042261921484,"inho","sem_u","N","1"
"sozinho","J2","in",0.201370789895748,"inho","sem_u","J","2"
"tempinho","G1","in",0.21014262354651,"dim","sem_u","G","1"
"tempinho","E2","in",0.0938204816559747,"dim","com_u","E","2"
"tempinho","D2","in",0.133491040947476,"dim","sem_u","D","2"
"tempinho","P1","in",0.149932782524655,"dim","com_u","P","1"
"tempinho","O1","in",0.172004216369288,"dim","sem_u","O","1"
"tempinho","M1","in",0.0907694090817976,"dim","com_u","M","1"
"tempinho","C2","in",0.167046223436245,"dim","sem_u","C","2"
"tempinho","R1","in",0.143400410986366,"dim","sem_u","R","1"
"tempinho","I2","in",0.192980340316765,"dim","sem_u","I","2"
"tempinho","P2","in",0.160181310144353,"dim","sem_u","P","2"
"tempinho","H2","in",0.20671016690055,"dim","sem_u","H","2"
"tempinho","F1","in",0.120135982608261,"dim","sem_u","F","1"
"tempinho","G2","in",0.123568439254214,"dim","sem_u","G","2"
"tempinho","B1","in",0.138061033981558,"dim","sem_u","B","1"
"tempinho","N2","in",0.183445738522451,"dim","sem_u","N","2"
"tempinho","J1","in",0.103450429468221,"dim","com_u","J","1"
"tempinho","M2","in",0.172766984512833,"dim","sem_u","M","2"
"tempinho","C1","in",0.107283464764269,"dim","com_u","C","1"
"tempinho","N1","in",0.093205218390338,"dim","com_u","N","1"
"tempinho","J2","in",0.141112106555731,"dim","sem_u","J","2"
"tempinho","A2","in",0.218914457197272,"dim","sem_u","A","2"
"tempinho","R2","in",0.0955367099789441,"dim","com_u","R","2"
"tempinho","Q2","in",0.0783744267492068,"dim","com_u","Q","2"
"tempinho","Q1","in",0.0510521135125677,"dim","com_u","Q","1"
"tempinho","H1","in",0.17086006415397,"dim","sem_u","H","1"
"tempinho","B2","in",0.0869555683640897,"dim","com_u","B","2"
"tempinho","E1","in",0.0850486480052126,"dim","com_u","E","1"
"tempinho","F2","in",0.149121172062955,"dim","sem_u","F","2"
"tempinho","O2","in",0.191454804029675,"dim","sem_u","O","2"
"tempinho","I1","in",0.186878195168404,"dim","sem_u","I","1"
"tempinho","D1","in",0.110219996742181,"dim","sem_u","D","1"
"tempinho","A1","in",0.108313076383322,"dim","sem_u","A","1"
"ubim","C2","im",0.225374757993222,"im","sem_u","C","2"
"ubim","R1","im",0.259341168805122,"im","sem_u","R","1"
"ubim","J1","im",0.246946186472535,"im","sem_u","J","1"
"ubim","Q2","im",0.194124492532069,"im","sem_u","Q","2"
"ubim","Q1","im",0.202085885030328,"im","sem_u","Q","1"
"ubim","E2","im",0.170478680082212,"im","sem_u","E","2"
"ubim","A2","im",0.245611342221324,"im","sem_u","A","2"
"ubim","D1","im",0.176199441158772,"im","sem_u","D","1"
"ubim","E1","im",0.216626152766636,"im","sem_u","E","1"
"ubim","C1","im",0.232405151560307,"im","sem_u","C","1"
"ubim","F2","im",0.197556949178022,"im","sem_u","F","2"
"ubim","H2","im",0.104117851593827,"im","sem_u","H","2"
"ubim","F1","im",0.256290096230956,"im","sem_u","F","1"
"ubim","J2","im",0.197938333249809,"im","sem_u","J","2"
"ubim","G1","im",0.270782690958299,"im","sem_u","G","1"
"ubim","I2","im",0.248281030723732,"im","sem_u","I","2"
"ubim","N1","im",0.225779370489178,"im","sem_u","N","1"
"ubim","P2","im",0.228830443063359,"im","sem_u","P","2"
"ubim","N2","im",0.213193696120683,"im","sem_u","N","2"
"ubim","D2","im",0.143781795058118,"im","sem_u","D","2"
"ubim","P1","im",0.217770304981961,"im","sem_u","P","1"
"ubim","B2","im",0.114033837459914,"im","sem_u","B","2"
"ubim","A1","im",0.192980340316751,"im","sem_u","A","1"
"ubim","O2","im",0.22310968198677,"im","sem_u","O","2"
"ubim","H1","im",0.26239224137931,"im","sem_u","H","1"
"ubim","R2","im",0.174292520799924,"im","sem_u","R","2"
"ubim","G2","im",0.195268644747401,"im","sem_u","G","2"
"ubim","O1","im",0.326464765437045,"im","sem_u","O","1"
"ubim","M2","im",0.197556949178036,"im","sem_u","M","2"
"ubim","M1","im",0.207472935044095,"im","sem_u","M","1"
"ubim","I1","im",0.321888156575781,"im","sem_u","I","1"
"ubim","B1","im",0.249425182939063,"im","sem_u","B","1"
"vizinho","A1","in",0.17086006415397,"inho","sem_u","A","1"
"vizinho","E1","in",0.0762768143544434,"inho","com_u","E","1"
"vizinho","H2","in",0.149883940206493,"inho","sem_u","H","2"
"vizinho","M2","in",0.173148368584606,"inho","sem_u","M","2"
"vizinho","Q1","in",0.116274468881564,"inho","com_u","Q","1"
"vizinho","M1","in",0.142256258771056,"inho","sem_u","M","1"
"vizinho","Q2","in",0.151790860565342,"inho","sem_u","Q","2"
"vizinho","F2","in",0.152172244637129,"inho","sem_u","F","2"
"vizinho","D1","in",0.154079164995991,"inho","sem_u","D","1"
"vizinho","B1","in",0.250096582224533,"inho","sem_u","B","1"
"vizinho","P1","in",0.147595635775872,"inho","sem_u","P","1"
"vizinho","C1","in",0.279629878357341,"inho","sem_u","C","1"
"vizinho","G1","in",0.139586570268648,"inho","sem_u","G","1"
"vizinho","D2","in",0.129289200330795,"inho","sem_u","D","2"
"vizinho","F1","in",0.261629473235772,"inho","sem_u","F","1"
"vizinho","E2","in",0.146451483560547,"inho","sem_u","E","2"
"vizinho","I2","in",0.178106361517642,"inho","sem_u","I","2"
"vizinho","B2","in",0.16933452786688,"inho","sem_u","B","2"
"vizinho","O1","in",0.187640963311949,"inho","sem_u","O","1"
"vizinho","G2","in",0.105262003809138,"inho","sem_u","G","2"
"vizinho","N1","in",0.224635218273859,"inho","sem_u","N","1"
"vizinho","N2","in",0.186496811096632,"inho","sem_u","N","2"
"vizinho","I1","in",0.201370789895748,"inho","sem_u","I","1"
"vizinho","J2","in",0.0717002054931832,"inho","sem_u","J","2"
"vizinho","C2","in",0.191454804029668,"inho","sem_u","C","2"
"vizinho","R1","in",0.198701101393311,"inho","sem_u","R","1"
"vizinho","O2","in",0.178016476023547,"inho","sem_u","O","2"
"vizinho","R2","in",0.158274389785483,"inho","sem_u","R","2"
"vizinho","H1","in",0.269804893027654,"inho","sem_u","H","1"
"vizinho","P2","in",0.145575125027179,"inho","sem_u","P","2"
"vizinho","J1","in",0.150646708350038,"inho","sem_u","J","1"
